{
  "name": "anonymous-stop-button",
  "title": "Anonymous Stop Button",
  "version": "1.0.3", 
  "author": "Your Name",
  "description": "Adds an anonymous stop button for players.",
  "manifestVersion": 2,
  "minimumCoreVersion": "10.0.0",
  "scripts": ["scripts/module.js"],
  "styles": ["styles/stop-button.css"], 
  "templates": ["templates/stop-button.html"], 
  "url": "https://github.com/da-jukes/foundry-pause-button",
  "download": "https://github.com/user-attachments/files/18296217/pause-alert-module.zip",
  "dependencies": [
      {
          "name": "socketlib",
          "minimum": "1.0.0"
      }
  ]
}