{
  "name": "anonymous-stop-button",
  "title": "Anonymous Stop Button",
  "version": "1.0.3", 
  "authors": [
    {
        "name": "dajukeboxhero"
    }
  ],
  "description": "Adds an anonymous stop button for players.",
  "manifestVersion": 2,
  "compatibility": {
      "minimum": "10"
  },
  "scripts": ["scripts/module.js"],
  "styles": ["styles/stop-button.css"], 
  "templates": ["templates/stop-button.html"], 
  "url": "https://github.com/da-jukes/foundry-pause-button",
  "download": "https://github.com/user-attachments/files/18296217/pause-alert-module.zip",
  "relationships": {
      "requires": [
      {
          "id": "socketlib",
          "minimum": "1.0.0"
      }
    ]
  }
}